country_code,country_name,random_color,,,,,COLOR,COLOR NAME,HEX COLOR CODE,RGB COLOR CODE
AF,Afghanistan,#FF00FF,,,,,,WHITE,#FFFFFF,"RGB(255, 255, 255)"
AL,Albania,#800080,,,,,,SILVER,#C0C0C0,"RGB(192, 192, 192)"
DZ,Algeria,#800080,,,,,,GRAY,#808080,"RGB(128, 128, 128)"
AS,American Samoa,#000080,,,,,,BLACK,#000000,"RGB(0, 0, 0)"
AD,Andorra,#00FFFF,,,,,,RED,#FF0000,"RGB(255, 0, 0)"
AO,Angola,#800000,,,,,,MAROON,#800000,"RGB(128, 0, 0)"
AI,Anguilla,#00FFFF,,,,,,YELLOW,#FFFF00,"RGB(255, 255, 0)"
AQ,Antarctica,#FF0000,,,,,,OLIVE,#808000,"RGB(128, 128, 0)"
AG,Antigua And Barbuda,#FF00FF,,,,,,LIME,#00FF00,"RGB(0, 255, 0)"
AR,Argentina,#FF0000,,,,,,GREEN,#008000,"RGB(0, 128, 0)"
AM,Armenia,#000080,,,,,,AQUA,#00FFFF,"RGB(0, 255, 255)"
AW,Aruba,#000080,,,,,,TEAL,#008080,"RGB(0, 128, 128)"
AU,Australia,#FFFF00,,,,,,BLUE,#0000FF,"RGB(0, 0, 255)"
AT,Austria,#008080,,,,,,NAVY,#000080,"RGB(0, 0, 128)"
AZ,Azerbaijan,#800080,,,,,,FUCHSIA,#FF00FF,"RGB(255, 0, 255))"
BS,Bahamas,#008080,,,,,,PURPLE,#800080,"RGB(128, 0, 128))"
BH,Bahrain,#800000,,,,,,,,
BD,Bangladesh,#00FFFF,,,,,,,,
BB,Barbados,#FF00FF,,,,,,,,
BY,Belarus,#000080,,,,,,,,
BE,Belgium,#008000,,,,,,,,
BZ,Belize,#008000,,,,,,,,
BJ,Benin,#000080,,,,,,,,
BM,Bermuda,#FFFF00,,,,,,,,
BT,Bhutan,#808000,,,,,,,,
BO,Bolivia,#00FFFF,,,,,,,,
BA,Bosnia And Herzegovina,#00FFFF,,,,,,,,
BW,Botswana,#00FF00,,,,,,,,
BV,Bouvet Island,#FF0000,,,,,,,,
BR,Brazil,#0000FF,,,,,,,,
IO,British Indian Ocean Territory,#800080,,,,,,,,
BN,Brunei Darussalam,#00FFFF,,,,,,,,
BG,Bulgaria,#808000,,,,,,,,
BF,Burkina Faso,#0000FF,,,,,,,,
BI,Burundi,#FFFF00,,,,,,,,
KH,Cambodia,#808000,,,,,,,,
CM,Cameroon,#FF0000,,,,,,,,
CA,Canada,#00FFFF,,,,,,,,
CV,Cape Verde,#808000,,,,,,,,
KY,Cayman Islands,#00FF00,,,,,,,,
CF,Central African Republic,#FF00FF,,,,,,,,
TD,Chad,#FFFF00,,,,,,,,
CL,Chile,#0000FF,,,,,,,,
CN,China,#008080,,,,,,,,
CX,Christmas Island,#008000,,,,,,,,
CC,Cocos (keeling) Islands,#008000,,,,,,,,
CO,Colombia,#00FFFF,,,,,,,,
KM,Comoros,#800080,,,,,,,,
CG,Congo,#008080,,,,,,,,
CD,"Congo, The Democratic Republic Of The",#00FF00,,,,,,,,
CK,Cook Islands,#008080,,,,,,,,
CR,Costa Rica,#00FF00,,,,,,,,
CI,Cote D'ivoire,#0000FF,,,,,,,,
HR,Croatia,#FFFF00,,,,,,,,
CU,Cuba,#0000FF,,,,,,,,
CY,Cyprus,#808000,,,,,,,,
CZ,Czech Republic,#FFFF00,,,,,,,,
DK,Denmark,#008000,,,,,,,,
DJ,Djibouti,#FFFF00,,,,,,,,
DM,Dominica,#FF0000,,,,,,,,
DO,Dominican Republic,#808000,,,,,,,,
TP,East Timor,#00FFFF,,,,,,,,
EC,Ecuador,#00FF00,,,,,,,,
EG,Egypt,#000080,,,,,,,,
SV,El Salvador,#008000,,,,,,,,
GQ,Equatorial Guinea,#800000,,,,,,,,
ER,Eritrea,#FFFF00,,,,,,,,
EE,Estonia,#008080,,,,,,,,
ET,Ethiopia,#00FF00,,,,,,,,
FK,Falkland Islands (malvinas),#FF0000,,,,,,,,
FO,Faroe Islands,#008000,,,,,,,,
FJ,Fiji,#008000,,,,,,,,
FI,Finland,#800000,,,,,,,,
FR,France,#FFFF00,,,,,,,,
GF,French Guiana,#808000,,,,,,,,
PF,French Polynesia,#008000,,,,,,,,
TF,French Southern Territories,#800000,,,,,,,,
GA,Gabon,#FF0000,,,,,,,,
GM,Gambia,#000080,,,,,,,,
GE,Georgia,#FF00FF,,,,,,,,
DE,Germany,#008000,,,,,,,,
GH,Ghana,#800000,,,,,,,,
GI,Gibraltar,#800000,,,,,,,,
GR,Greece,#000080,,,,,,,,
GL,Greenland,#0000FF,,,,,,,,
GD,Grenada,#808000,,,,,,,,
GP,Guadeloupe,#0000FF,,,,,,,,
GU,Guam,#0000FF,,,,,,,,
GT,Guatemala,#0000FF,,,,,,,,
GN,Guinea,#00FFFF,,,,,,,,
GW,Guinea-bissau,#FF00FF,,,,,,,,
GY,Guyana,#00FF00,,,,,,,,
HT,Haiti,#00FF00,,,,,,,,
HM,Heard Island And Mcdonald Islands,#00FF00,,,,,,,,
VA,Holy See (vatican City State),#00FFFF,,,,,,,,
HN,Honduras,#008000,,,,,,,,
HK,Hong Kong,#800080,,,,,,,,
HU,Hungary,#808000,,,,,,,,
IS,Iceland,#00FFFF,,,,,,,,
IN,India,#FFFF00,,,,,,,,
ID,Indonesia,#000080,,,,,,,,
IR,"Iran, Islamic Republic Of",#FFFF00,,,,,,,,
IQ,Iraq,#FF0000,,,,,,,,
IE,Ireland,#0000FF,,,,,,,,
IL,Israel,#008080,,,,,,,,
IT,Italy,#800000,,,,,,,,
JM,Jamaica,#800000,,,,,,,,
JP,Japan,#800000,,,,,,,,
JO,Jordan,#000080,,,,,,,,
KZ,Kazakstan,#00FF00,,,,,,,,
KE,Kenya,#FFFF00,,,,,,,,
KI,Kiribati,#00FFFF,,,,,,,,
KP,"Korea, Democratic People's Republic Of",#808000,,,,,,,,
KR,"Korea, Republic Of",#808000,,,,,,,,
KV,Kosovo,#0000FF,,,,,,,,
KW,Kuwait,#800080,,,,,,,,
KG,Kyrgyzstan,#FFFF00,,,,,,,,
LA,Lao People's Democratic Republic,#FF0000,,,,,,,,
LV,Latvia,#000080,,,,,,,,
LB,Lebanon,#00FFFF,,,,,,,,
LS,Lesotho,#0000FF,,,,,,,,
LR,Liberia,#800000,,,,,,,,
LY,Libyan Arab Jamahiriya,#800080,,,,,,,,
LI,Liechtenstein,#000080,,,,,,,,
LT,Lithuania,#FF00FF,,,,,,,,
LU,Luxembourg,#FFFF00,,,,,,,,
MO,Macau,#FF00FF,,,,,,,,
MK,"Macedonia, The Former Yugoslav Republic Of",#000080,,,,,,,,
MG,Madagascar,#FFFF00,,,,,,,,
MW,Malawi,#000080,,,,,,,,
MY,Malaysia,#800000,,,,,,,,
MV,Maldives,#FF00FF,,,,,,,,
ML,Mali,#FF0000,,,,,,,,
MT,Malta,#FFFF00,,,,,,,,
MH,Marshall Islands,#000080,,,,,,,,
MQ,Martinique,#800080,,,,,,,,
MR,Mauritania,#00FF00,,,,,,,,
MU,Mauritius,#008000,,,,,,,,
YT,Mayotte,#008000,,,,,,,,
MX,Mexico,#00FFFF,,,,,,,,
FM,"Micronesia, Federated States Of",#000080,,,,,,,,
MD,"Moldova, Republic Of",#FFFF00,,,,,,,,
MC,Monaco,#008080,,,,,,,,
MN,Mongolia,#808000,,,,,,,,
MS,Montserrat,#800000,,,,,,,,
ME,Montenegro,#FF00FF,,,,,,,,
MA,Morocco,#008000,,,,,,,,
MZ,Mozambique,#008080,,,,,,,,
MM,Myanmar,#FF0000,,,,,,,,
NA,Namibia,#808000,,,,,,,,
NR,Nauru,#008000,,,,,,,,
NP,Nepal,#FF00FF,,,,,,,,
NL,Netherlands,#00FFFF,,,,,,,,
AN,Netherlands Antilles,#008000,,,,,,,,
NC,New Caledonia,#00FF00,,,,,,,,
NZ,New Zealand,#00FFFF,,,,,,,,
NI,Nicaragua,#800000,,,,,,,,
NE,Niger,#800000,,,,,,,,
NG,Nigeria,#FF0000,,,,,,,,
NU,Niue,#000080,,,,,,,,
NF,Norfolk Island,#008080,,,,,,,,
MP,Northern Mariana Islands,#800000,,,,,,,,
NO,Norway,#008000,,,,,,,,
OM,Oman,#808000,,,,,,,,
PK,Pakistan,#800080,,,,,,,,
PW,Palau,#800080,,,,,,,,
PS,"Palestinian Territory, Occupied",#0000FF,,,,,,,,
PA,Panama,#00FF00,,,,,,,,
PG,Papua New Guinea,#008000,,,,,,,,
PY,Paraguay,#00FFFF,,,,,,,,
PE,Peru,#FF0000,,,,,,,,
PH,Philippines,#008000,,,,,,,,
PN,Pitcairn,#008080,,,,,,,,
PL,Poland,#008000,,,,,,,,
PT,Portugal,#FF0000,,,,,,,,
PR,Puerto Rico,#000080,,,,,,,,
QA,Qatar,#808000,,,,,,,,
RE,Reunion,#FF0000,,,,,,,,
RO,Romania,#00FF00,,,,,,,,
RU,Russian Federation,#800000,,,,,,,,
RW,Rwanda,#800000,,,,,,,,
SH,Saint Helena,#0000FF,,,,,,,,
KN,Saint Kitts And Nevis,#800080,,,,,,,,
LC,Saint Lucia,#0000FF,,,,,,,,
PM,Saint Pierre And Miquelon,#008080,,,,,,,,
VC,Saint Vincent And The Grenadines,#0000FF,,,,,,,,
WS,Samoa,#000080,,,,,,,,
SM,San Marino,#800080,,,,,,,,
ST,Sao Tome And Principe,#FF00FF,,,,,,,,
SA,Saudi Arabia,#000080,,,,,,,,
SN,Senegal,#800000,,,,,,,,
RS,Serbia,#800000,,,,,,,,
SC,Seychelles,#008000,,,,,,,,
SL,Sierra Leone,#00FFFF,,,,,,,,
SG,Singapore,#FF0000,,,,,,,,
SK,Slovakia,#008000,,,,,,,,
SI,Slovenia,#808000,,,,,,,,
SB,Solomon Islands,#00FF00,,,,,,,,
SO,Somalia,#FF00FF,,,,,,,,
ZA,South Africa,#0000FF,,,,,,,,
GS,South Georgia And The South Sandwich Islands,#0000FF,,,,,,,,
ES,Spain,#FF00FF,,,,,,,,
LK,Sri Lanka,#0000FF,,,,,,,,
SD,Sudan,#000080,,,,,,,,
SR,Suriname,#00FF00,,,,,,,,
SJ,Svalbard And Jan Mayen,#008080,,,,,,,,
SZ,Swaziland,#008080,,,,,,,,
SE,Sweden,#808000,,,,,,,,
CH,Switzerland,#808000,,,,,,,,
SY,Syrian Arab Republic,#800080,,,,,,,,
TW,"Taiwan, Province Of China",#800080,,,,,,,,
TJ,Tajikistan,#FF0000,,,,,,,,
TZ,"Tanzania, United Republic Of",#00FFFF,,,,,,,,
TH,Thailand,#FFFF00,,,,,,,,
TG,Togo,#008000,,,,,,,,
TK,Tokelau,#00FF00,,,,,,,,
TO,Tonga,#000080,,,,,,,,
TT,Trinidad And Tobago,#FF00FF,,,,,,,,
TN,Tunisia,#800080,,,,,,,,
TR,Turkey,#FF00FF,,,,,,,,
TM,Turkmenistan,#008000,,,,,,,,
TC,Turks And Caicos Islands,#008000,,,,,,,,
TV,Tuvalu,#800000,,,,,,,,
UG,Uganda,#000080,,,,,,,,
UA,Ukraine,#800000,,,,,,,,
AE,United Arab Emirates,#808000,,,,,,,,
GB,United Kingdom,#800080,,,,,,,,
US,United States,#FF00FF,,,,,,,,
UM,United States Minor Outlying Islands,#FF0000,,,,,,,,
UY,Uruguay,#0000FF,,,,,,,,
UZ,Uzbekistan,#FF00FF,,,,,,,,
VU,Vanuatu,#000080,,,,,,,,
VE,Venezuela,#FF00FF,,,,,,,,
VN,Viet Nam,#0000FF,,,,,,,,
VG,"Virgin Islands, British",#008000,,,,,,,,
VI,"Virgin Islands, U.s.",#000080,,,,,,,,
WF,Wallis And Futuna,#00FFFF,,,,,,,,
EH,Western Sahara,#808000,,,,,,,,
YE,Yemen,#00FFFF,,,,,,,,
ZM,Zambia,#800080,,,,,,,,
ZW,Zimbabwe,#FF00FF,,,,,,,,
