Edition,Gender,Discipline,Medal_Bronze,Medal_Gold,Medal_Silver
1896,Men,Artistic G.,7,28,10
1896,Men,Athletics,12,12,13
1896,Men,Cycling Road,1,1,1
1896,Men,Cycling Track,3,5,5
1896,Men,Fencing,2,3,3
1896,Men,Shooting,5,5,5
1896,Men,Swimming,3,4,4
1896,Men,Tennis,4,3,3
1896,Men,Weightlifting,2,2,2
1896,Men,Wrestling Gre-R,1,1,1
1900,Men,Archery,5,6,7
1900,Men,Artistic G.,1,1,1
1900,Men,Athletics,22,27,27
1900,Men,Basque Pelota,0,2,2
1900,Men,Cricket,0,12,12
1900,Men,Croquet,2,4,2
1900,Men,Cycling Track,2,2,2
1900,Men,Fencing,7,7,7
1900,Men,Football,11,11,13
1900,Men,Golf,1,1,1
1900,Men,Jumping,3,4,2
1900,Men,Polo,4,4,4
1900,Men,Rowing,23,23,22
1900,Men,Rugby,0,17,30
1900,Men,Sailing,6,9,11
1900,Men,Shooting,17,17,18
1900,Men,Swimming,11,11,11
1900,Men,Tennis,8,4,4
1900,Men,Tug of War,0,6,6
1900,Men,Water polo,14,7,7
1900,Women,Golf,1,1,1
1900,Women,Tennis,4,2,2
1904,Men,Archery,6,6,6
1904,Men,Artistic G.,16,18,14
1904,Men,Athletics,24,29,29
1904,Men,Boxing,5,7,7
1904,Men,Cycling Track,7,7,7
1904,Men,Diving,3,2,2
1904,Men,Fencing,4,7,7
1904,Men,Football,12,34,11
1904,Men,Golf,2,11,11
1904,Men,Lacrosse,0,13,13
1904,Men,Roque,1,1,1
1904,Men,Rowing,9,18,18
1904,Men,Swimming,12,12,12
1904,Men,Tennis,6,3,3
1904,Men,Tug of War,5,5,5
1904,Men,Weightlifting,2,2,2
1904,Men,Wrestling Free.,7,7,7
1904,Women,Archery,2,6,4
1908,Men,Archery,2,2,2
1908,Men,Artistic G.,26,60,33
1908,Men,Athletics,30,32,32
1908,Men,Boxing,5,5,5
1908,Men,Cycling Track,10,10,10
1908,Men,Diving,3,2,2
1908,Men,Fencing,11,10,10
1908,Men,Figure skating,3,3,3
1908,Men,Football,11,11,11
1908,Men,Hockey,0,11,11
1908,Men,Jeu de Paume,1,1,1
1908,Men,Lacrosse,0,15,18
1908,Men,Polo,0,4,8
1908,Men,Rackets,4,3,3
1908,Men,Rowing,24,16,16
1908,Men,Rugby,0,15,15
1908,Men,Sailing,8,22,18
1908,Men,Shooting,35,39,39
1908,Men,Swimming,9,9,9
1908,Men,Tennis,6,6,6
1908,Men,Tug of War,9,9,9
1908,Men,Water Motorspor,0,5,0
1908,Men,Water polo,0,7,7
1908,Men,Wrestling Free.,5,5,5
1908,Men,Wrestling Gre-R,4,4,4
1908,Women,Archery,1,1,1
1908,Women,Figure skating,2,2,2
1908,Women,Tennis,2,2,2
1912,Men,Artistic G.,68,66,66
1912,Men,Athletics,40,44,43
1912,Men,Cycling Road,5,5,5
1912,Men,Diving,3,3,3
1912,Men,Dressage,1,1,1
1912,Men,Eventing,5,5,5
1912,Men,Fencing,14,19,18
1912,Men,Football,11,11,11
1912,Men,Jumping,5,5,5
1912,Men,Modern Pentath.,1,1,1
1912,Men,Rowing,21,20,20
1912,Men,Sailing,22,26,25
1912,Men,Shooting,48,48,48
1912,Men,Swimming,10,10,10
1912,Men,Tennis,8,8,8
1912,Men,Tug of War,0,8,8
1912,Men,Water polo,7,7,7
1912,Men,Wrestling Gre-R,5,4,6
1912,Women,Diving,1,1,1
1912,Women,Swimming,5,5,5
1912,Women,Tennis,4,4,4
1920,Men,Archery,10,41,29
1920,Men,Artistic G.,49,77,76
1920,Men,Athletics,39,39,39
1920,Men,Boxing,8,8,8
1920,Men,Cycling Road,5,5,5
1920,Men,Cycling Track,8,8,8
1920,Men,Diving,3,3,3
1920,Men,Dressage,0,1,0
1920,Men,Eventing,4,4,4
1920,Men,Fencing,21,29,26
1920,Men,Figure skating,2,2,2
1920,Men,Football,14,14,18
1920,Men,Hockey,15,15,12
1920,Men,Ice Hockey,8,8,11
1920,Men,Jumping,5,5,5
1920,Men,Modern Pentath.,1,1,1
1920,Men,Polo,4,4,6
1920,Men,Rowing,20,20,20
1920,Men,Rugby,0,17,16
1920,Men,Sailing,8,65,28
1920,Men,Shooting,66,66,66
1920,Men,Swimming,10,10,10
1920,Men,Tennis,4,4,4
1920,Men,Tug of War,8,8,8
1920,Men,Vaulting,4,6,4
1920,Men,Water polo,9,7,8
1920,Men,Weightlifting,5,5,5
1920,Men,Wrestling Free.,6,5,5
1920,Men,Wrestling Gre-R,5,5,5
1920,Women,Diving,2,2,2
1920,Women,Figure skating,2,2,2
1920,Women,Sailing,0,1,0
1920,Women,Swimming,6,6,6
1920,Women,Tennis,4,4,4
1924,Men,Artistic G.,16,16,17
1924,Men,Athletics,43,43,42
1924,Men,Boxing,8,8,8
1924,Men,Cycling Road,4,4,4
1924,Men,Cycling Track,8,8,8
1924,Men,Diving,3,3,3
1924,Men,Dressage,1,1,1
1924,Men,Eventing,5,5,5
1924,Men,Fencing,20,26,23
1924,Men,Football,22,22,22
1924,Men,Jumping,4,4,4
1924,Men,Modern Pentath.,1,1,1
1924,Men,Polo,5,6,5
1924,Men,Rowing,24,26,26
1924,Men,Rugby,23,29,30
1924,Men,Sailing,9,9,8
1924,Men,Shooting,29,29,30
1924,Men,Swimming,11,11,10
1924,Men,Tennis,4,4,4
1924,Men,Water polo,11,11,11
1924,Men,Weightlifting,5,5,5
1924,Men,Wrestling Free.,7,7,7
1924,Men,Wrestling Gre-R,6,6,6
1924,Women,Diving,2,2,2
1924,Women,Eventing,0,0,1
1924,Women,Fencing,1,1,1
1924,Women,Swimming,9,10,10
1924,Women,Tennis,4,4,4
1928,Men,Artistic G.,14,14,14
1928,Men,Athletics,28,28,28
1928,Men,Boxing,8,8,8
1928,Men,Cycling Road,4,4,4
1928,Men,Cycling Track,9,9,9
1928,Men,Diving,2,2,2
1928,Men,Dressage,4,4,4
1928,Men,Eventing,4,4,4
1928,Men,Fencing,14,15,15
1928,Men,Football,22,22,22
1928,Men,Hockey,22,15,22
1928,Men,Jumping,4,4,4
1928,Men,Modern Pentath.,1,1,1
1928,Men,Rowing,26,26,26
1928,Men,Sailing,12,5,12
1928,Men,Swimming,9,9,9
1928,Men,Water polo,9,8,7
1928,Men,Weightlifting,5,6,4
1928,Men,Wrestling Free.,7,7,7
1928,Men,Wrestling Gre-R,6,6,6
1928,Women,Artistic G.,12,12,12
1928,Women,Athletics,8,8,8
1928,Women,Diving,2,2,2
1928,Women,Fencing,1,1,1
1928,Women,Jumping,1,0,0
1928,Women,Sailing,0,1,0
1928,Women,Swimming,8,8,8
1932,Men,Artistic G.,15,15,15
1932,Men,Athletics,29,29,29
1932,Men,Boxing,8,8,8
1932,Men,Cycling Road,4,4,4
1932,Men,Cycling Track,8,8,8
1932,Men,Diving,2,2,2
1932,Men,Dressage,4,4,4
1932,Men,Eventing,1,4,4
1932,Men,Fencing,21,21,20
1932,Men,Hockey,12,11,11
1932,Men,Jumping,1,1,1
1932,Men,Modern Pentath.,1,1,1
1932,Men,Rowing,26,26,26
1932,Men,Sailing,7,19,15
1932,Men,Shooting,2,2,2
1932,Men,Swimming,9,9,9
1932,Men,Water polo,7,10,8
1932,Men,Weightlifting,5,5,5
1932,Men,Wrestling Free.,7,7,7
1932,Men,Wrestling Gre-R,7,7,7
1932,Women,Athletics,9,9,9
1932,Women,Diving,2,2,2
1932,Women,Fencing,1,1,1
1932,Women,Swimming,8,8,8
1936,Men,Artistic G.,16,15,15
1936,Men,Athletics,29,29,29
1936,Men,Basketball,11,14,9
1936,Men,Boxing,8,8,8
1936,Men,Canoe / Kayak F,14,14,14
1936,Men,Cycling Road,4,4,4
1936,Men,Cycling Track,8,8,8
1936,Men,Diving,2,2,2
1936,Men,Dressage,4,4,4
1936,Men,Eventing,4,4,4
1936,Men,Fencing,21,21,21
1936,Men,Football,14,14,13
1936,Men,Handball,17,22,22
1936,Men,Hockey,12,19,22
1936,Men,Jumping,5,5,5
1936,Men,Modern Pentath.,1,1,1
1936,Men,Polo,4,4,4
1936,Men,Rowing,26,26,26
1936,Men,Sailing,14,14,14
1936,Men,Shooting,3,3,3
1936,Men,Swimming,9,9,9
1936,Men,Water polo,9,11,11
1936,Men,Weightlifting,5,6,4
1936,Men,Wrestling Free.,7,7,7
1936,Men,Wrestling Gre-R,7,7,7
1936,Women,Artistic G.,8,8,8
1936,Women,Athletics,9,9,9
1936,Women,Diving,2,2,2
1936,Women,Fencing,1,1,1
1936,Women,Swimming,8,8,8
1948,Men,Artistic G.,17,17,14
1948,Men,Athletics,30,30,30
1948,Men,Basketball,12,14,14
1948,Men,Boxing,8,8,8
1948,Men,Canoe / Kayak F,12,12,12
1948,Men,Cycling Road,4,4,4
1948,Men,Cycling Track,8,8,8
1948,Men,Diving,2,2,2
1948,Men,Dressage,4,4,4
1948,Men,Eventing,4,4,4
1948,Men,Fencing,21,21,21
1948,Men,Football,14,12,15
1948,Men,Hockey,12,20,12
1948,Men,Jumping,4,4,4
1948,Men,Modern Pentath.,1,1,1
1948,Men,Rowing,26,26,26
1948,Men,Sailing,13,13,14
1948,Men,Shooting,4,4,4
1948,Men,Swimming,9,9,9
1948,Men,Water polo,9,9,10
1948,Men,Weightlifting,6,6,6
1948,Men,Wrestling Free.,8,8,8
1948,Men,Wrestling Gre-R,8,8,8
1948,Women,Artistic G.,8,8,8
1948,Women,Athletics,12,12,12
1948,Women,Canoe / Kayak F,1,1,1
1948,Women,Diving,2,2,2
1948,Women,Fencing,1,1,1
1948,Women,Swimming,8,8,8
1952,Men,Artistic G.,14,15,18
1952,Men,Athletics,30,30,30
1952,Men,Basketball,12,14,14
1952,Men,Boxing,20,10,10
1952,Men,Canoe / Kayak F,12,12,12
1952,Men,Cycling Road,4,4,4
1952,Men,Cycling Track,8,8,8
1952,Men,Diving,2,2,2
1952,Men,Dressage,3,4,3
1952,Men,Eventing,4,4,4
1952,Men,Fencing,21,21,21
1952,Men,Football,12,15,11
1952,Men,Hockey,13,14,11
1952,Men,Jumping,4,4,4
1952,Men,Modern Pentath.,4,4,4
1952,Men,Rowing,26,26,26
1952,Men,Sailing,14,15,13
1952,Men,Shooting,7,7,7
1952,Men,Swimming,9,9,9
1952,Men,Water polo,11,13,9
1952,Men,Weightlifting,7,7,7
1952,Men,Wrestling Free.,8,8,8
1952,Men,Wrestling Gre-R,8,8,8
1952,Women,Artistic G.,21,21,21
1952,Women,Athletics,12,12,12
1952,Women,Canoe / Kayak F,1,1,1
1952,Women,Diving,2,2,2
1952,Women,Dressage,1,0,1
1952,Women,Fencing,1,1,1
1952,Women,Sailing,0,1,1
1952,Women,Swimming,8,8,8
1956,Men,Artistic G.,14,14,14
1956,Men,Athletics,31,30,30
1956,Men,Basketball,12,12,12
1956,Men,Boxing,20,10,10
1956,Men,Canoe / Kayak F,12,12,12
1956,Men,Cycling Road,4,4,4
1956,Men,Cycling Track,8,8,8
1956,Men,Diving,2,2,2
1956,Men,Dressage,3,4,0
1956,Men,Eventing,4,4,4
1956,Men,Fencing,19,21,21
1956,Men,Football,14,18,14
1956,Men,Hockey,11,17,14
1956,Men,Jumping,3,4,4
1956,Men,Modern Pentath.,4,4,4
1956,Men,Rowing,26,26,26
1956,Men,Sailing,11,11,12
1956,Men,Shooting,7,7,7
1956,Men,Swimming,10,10,10
1956,Men,Water polo,10,11,8
1956,Men,Weightlifting,7,7,7
1956,Men,Wrestling Free.,8,8,8
1956,Men,Wrestling Gre-R,8,8,8
1956,Women,Artistic G.,23,18,17
1956,Women,Athletics,11,12,13
1956,Women,Canoe / Kayak F,1,1,1
1956,Women,Diving,2,2,2
1956,Women,Dressage,1,0,6
1956,Women,Eventing,0,0,2
1956,Women,Fencing,1,1,1
1956,Women,Jumping,1,3,0
1956,Women,Swimming,9,9,9
1960,Men,Artistic G.,14,15,11
1960,Men,Athletics,30,30,30
1960,Men,Basketball,12,12,12
1960,Men,Boxing,20,10,10
1960,Men,Canoe / Kayak F,10,10,10
1960,Men,Cycling Road,5,5,5
1960,Men,Cycling Track,8,8,8
1960,Men,Diving,2,2,2
1960,Men,Dressage,1,1,1
1960,Men,Eventing,4,4,4
1960,Men,Fencing,17,20,20
1960,Men,Football,17,16,12
1960,Men,Hockey,14,13,13
1960,Men,Jumping,4,4,4
1960,Men,Modern Pentath.,4,4,4
1960,Men,Rowing,26,26,26
1960,Men,Sailing,11,11,11
1960,Men,Shooting,6,6,6
1960,Men,Swimming,14,14,14
1960,Men,Water polo,12,12,11
1960,Men,Weightlifting,7,7,7
1960,Men,Wrestling Free.,8,8,8
1960,Men,Wrestling Gre-R,8,8,8
1960,Women,Artistic G.,11,11,11
1960,Women,Athletics,12,13,14
1960,Women,Canoe / Kayak F,3,3,3
1960,Women,Diving,2,2,2
1960,Women,Fencing,6,7,6
1960,Women,Swimming,13,13,13
1964,Men,Artistic G.,11,13,16
1964,Men,Athletics,30,30,30
1964,Men,Basketball,12,12,12
1964,Men,Boxing,20,10,10
1964,Men,Canoe / Kayak F,10,10,10
1964,Men,Cycling Road,5,5,5
1964,Men,Cycling Track,9,9,9
1964,Men,Diving,2,2,2
1964,Men,Dressage,4,4,3
1964,Men,Eventing,4,4,4
1964,Men,Fencing,18,18,18
1964,Men,Football,19,14,17
1964,Men,Hockey,14,15,16
1964,Men,Judo,8,4,4
1964,Men,Jumping,4,4,3
1964,Men,Modern Pentath.,4,4,4
1964,Men,Rowing,26,26,26
1964,Men,Sailing,11,11,11
1964,Men,Shooting,6,6,6
1964,Men,Swimming,19,19,19
1964,Men,Volleyball,12,12,12
1964,Men,Water polo,11,12,11
1964,Men,Weightlifting,7,7,7
1964,Men,Wrestling Free.,8,8,8
1964,Men,Wrestling Gre-R,8,8,8
1964,Women,Artistic G.,10,11,12
1964,Women,Athletics,15,15,15
1964,Women,Canoe / Kayak F,3,3,3
1964,Women,Diving,2,2,2
1964,Women,Dressage,0,0,1
1964,Women,Fencing,5,6,6
1964,Women,Jumping,0,0,1
1964,Women,Swimming,14,14,14
1964,Women,Volleyball,12,12,12
1968,Men,Artistic G.,13,14,12
1968,Men,Athletics,30,30,30
1968,Men,Basketball,12,12,12
1968,Men,Boxing,22,11,11
1968,Men,Canoe / Kayak F,10,10,10
1968,Men,Cycling Road,5,5,5
1968,Men,Cycling Track,9,9,9
1968,Men,Diving,2,2,2
1968,Men,Dressage,3,3,3
1968,Men,Eventing,4,4,4
1968,Men,Fencing,18,18,18
1968,Men,Football,16,17,18
1968,Men,Hockey,15,13,14
1968,Men,Jumping,4,4,2
1968,Men,Modern Pentath.,4,4,4
1968,Men,Rowing,26,26,26
1968,Men,Sailing,11,11,11
1968,Men,Shooting,7,7,7
1968,Men,Swimming,24,24,24
1968,Men,Volleyball,12,12,12
1968,Men,Water polo,11,11,11
1968,Men,Weightlifting,7,7,7
1968,Men,Wrestling Free.,8,8,8
1968,Men,Wrestling Gre-R,8,8,8
1968,Women,Artistic G.,11,12,10
1968,Women,Athletics,15,15,15
1968,Women,Canoe / Kayak F,3,3,3
1968,Women,Diving,2,2,2
1968,Women,Dressage,1,1,1
1968,Women,Fencing,6,6,6
1968,Women,Jumping,0,0,2
1968,Women,Swimming,20,20,20
1968,Women,Volleyball,12,12,12
1972,Men,Archery,1,1,1
1972,Men,Artistic G.,13,13,13
1972,Men,Athletics,30,30,30
1972,Men,Basketball,12,12,12
1972,Men,Boxing,22,11,11
1972,Men,Canoe / Kayak F,10,10,10
1972,Men,Canoe / Kayak S,4,4,4
1972,Men,Cycling Road,0,5,5
1972,Men,Cycling Track,9,9,9
1972,Men,Diving,2,2,2
1972,Men,Dressage,1,2,1
1972,Men,Eventing,5,3,5
1972,Men,Fencing,18,18,18
1972,Men,Football,36,17,17
1972,Men,Handball,15,14,16
1972,Men,Hockey,14,18,15
1972,Men,Judo,12,6,5
1972,Men,Jumping,5,5,3
1972,Men,Modern Pentath.,4,4,4
1972,Men,Rowing,26,26,26
1972,Men,Sailing,13,13,13
1972,Men,Shooting,8,8,8
1972,Men,Swimming,24,24,24
1972,Men,Volleyball,12,12,12
1972,Men,Water polo,11,11,11
1972,Men,Weightlifting,9,9,9
1972,Men,Wrestling Free.,10,10,10
1972,Men,Wrestling Gre-R,10,10,10
1972,Women,Archery,1,1,1
1972,Women,Artistic G.,10,11,12
1972,Women,Athletics,20,20,20
1972,Women,Canoe / Kayak F,3,3,3
1972,Women,Canoe / Kayak S,1,1,1
1972,Women,Diving,2,2,2
1972,Women,Dressage,3,2,3
1972,Women,Eventing,0,2,0
1972,Women,Fencing,5,6,6
1972,Women,Jumping,0,0,2
1972,Women,Swimming,20,20,20
1972,Women,Volleyball,11,12,12
1976,Men,Archery,1,1,1
1976,Men,Artistic G.,15,13,13
1976,Men,Athletics,29,29,29
1976,Men,Basketball,12,12,12
1976,Men,Boxing,22,11,11
1976,Men,Canoe / Kayak F,16,16,16
1976,Men,Cycling Road,5,5,5
1976,Men,Cycling Track,7,7,7
1976,Men,Diving,2,2,2
1976,Men,Dressage,1,2,2
1976,Men,Eventing,5,4,5
1976,Men,Fencing,18,18,17
1976,Men,Football,17,17,17
1976,Men,Handball,14,14,14
1976,Men,Hockey,16,16,16
1976,Men,Judo,12,6,6
1976,Men,Jumping,5,5,5
1976,Men,Modern Pentath.,4,4,4
1976,Men,Rowing,30,30,30
1976,Men,Sailing,12,12,12
1976,Men,Shooting,7,7,6
1976,Men,Swimming,19,19,19
1976,Men,Volleyball,12,12,12
1976,Men,Water polo,11,11,11
1976,Men,Weightlifting,9,9,9
1976,Men,Wrestling Free.,10,10,10
1976,Men,Wrestling Gre-R,10,10,10
1976,Women,Archery,1,1,1
1976,Women,Artistic G.,10,11,12
1976,Women,Athletics,20,20,20
1976,Women,Basketball,12,12,12
1976,Women,Canoe / Kayak F,3,3,3
1976,Women,Diving,2,2,2
1976,Women,Dressage,3,2,2
1976,Women,Eventing,0,1,0
1976,Women,Fencing,6,6,6
1976,Women,Handball,14,14,14
1976,Women,Rowing,24,24,24
1976,Women,Shooting,0,0,1
1976,Women,Swimming,19,19,19
1976,Women,Volleyball,12,12,12
1980,Men,Archery,1,1,1
1980,Men,Artistic G.,13,13,13
1980,Men,Athletics,29,30,31
1980,Men,Basketball,12,12,12
1980,Men,Boxing,22,11,11
1980,Men,Canoe / Kayak F,16,16,16
1980,Men,Cycling Road,5,5,5
1980,Men,Cycling Track,7,7,7
1980,Men,Diving,2,2,2
1980,Men,Dressage,6,4,7
1980,Men,Eventing,6,9,4
1980,Men,Fencing,16,18,18
1980,Men,Football,17,17,17
1980,Men,Handball,14,14,14
1980,Men,Hockey,16,16,16
1980,Men,Judo,16,8,8
1980,Men,Jumping,5,9,6
1980,Men,Modern Pentath.,4,4,4
1980,Men,Rowing,30,30,30
1980,Men,Sailing,12,12,12
1980,Men,Shooting,7,7,7
1980,Men,Swimming,19,19,19
1980,Men,Volleyball,12,12,12
1980,Men,Water polo,11,11,11
1980,Men,Weightlifting,10,10,10
1980,Men,Wrestling Free.,10,10,10
1980,Men,Wrestling Gre-R,10,10,10
1980,Women,Archery,1,1,1
1980,Women,Artistic G.,13,12,11
1980,Women,Athletics,20,20,20
1980,Women,Basketball,12,12,12
1980,Women,Canoe / Kayak F,3,3,3
1980,Women,Diving,2,2,2
1980,Women,Dressage,0,2,0
1980,Women,Eventing,1,0,2
1980,Women,Fencing,6,6,6
1980,Women,Handball,14,14,14
1980,Women,Hockey,16,16,16
1980,Women,Jumping,1,0,0
1980,Women,Rowing,24,24,24
1980,Women,Swimming,19,19,19
1980,Women,Volleyball,12,12,12
1984,Men,Archery,1,1,1
1984,Men,Artistic G.,13,15,14
1984,Men,Athletics,31,30,30
1984,Men,Basketball,12,12,12
1984,Men,Boxing,24,12,12
1984,Men,Canoe / Kayak F,16,16,16
1984,Men,Cycling Road,5,5,5
1984,Men,Cycling Track,8,8,8
1984,Men,Diving,2,2,2
1984,Men,Dressage,3,5,1
1984,Men,Eventing,3,4,1
1984,Men,Fencing,18,18,18
1984,Men,Football,17,17,17
1984,Men,Handball,15,14,15
1984,Men,Hockey,16,16,16
1984,Men,Judo,16,8,8
1984,Men,Jumping,4,3,5
1984,Men,Modern Pentath.,4,4,4
1984,Men,Rowing,30,30,30
1984,Men,Sailing,13,13,13
1984,Men,Shooting,8,8,8
1984,Men,Swimming,24,24,24
1984,Men,Volleyball,12,12,12
1984,Men,Water polo,13,13,13
1984,Men,Weightlifting,10,10,10
1984,Men,Wrestling Free.,10,10,10
1984,Men,Wrestling Gre-R,10,10,10
1984,Women,Archery,1,1,1
1984,Women,Artistic G.,11,13,9
1984,Women,Athletics,24,23,23
1984,Women,Basketball,12,12,12
1984,Women,Canoe / Kayak F,7,7,7
1984,Women,Cycling Road,1,1,1
1984,Women,Diving,2,2,2
1984,Women,Dressage,3,0,5
1984,Women,Eventing,2,1,4
1984,Women,Fencing,6,6,6
1984,Women,Handball,13,15,13
1984,Women,Hockey,16,16,16
1984,Women,Jumping,1,2,0
1984,Women,Rhythmic G.,1,1,1
1984,Women,Rowing,24,24,24
1984,Women,Shooting,3,3,3
1984,Women,Swimming,20,21,19
1984,Women,Synchronized S.,3,3,3
1984,Women,Volleyball,12,12,12
1988,Men,Archery,4,4,4
1988,Men,Artistic G.,14,17,10
1988,Men,Athletics,31,30,30
1988,Men,Basketball,12,12,12
1988,Men,Boxing,24,12,12
1988,Men,Canoe / Kayak F,16,16,16
1988,Men,Cycling Road,5,5,5
1988,Men,Cycling Track,8,8,8
1988,Men,Diving,2,2,2
1988,Men,Dressage,1,1,3
1988,Men,Eventing,2,5,3
1988,Men,Fencing,18,18,18
1988,Men,Football,20,20,21
1988,Men,Handball,15,14,13
1988,Men,Hockey,16,16,16
1988,Men,Judo,14,7,7
1988,Men,Jumping,5,5,3
1988,Men,Modern Pentath.,4,4,4
1988,Men,Rowing,30,30,30
1988,Men,Sailing,13,13,13
1988,Men,Shooting,9,9,9
1988,Men,Swimming,25,25,25
1988,Men,Table Tennis,3,3,3
1988,Men,Tennis,6,3,3
1988,Men,Volleyball,12,12,12
1988,Men,Water polo,13,13,13
1988,Men,Weightlifting,10,10,10
1988,Men,Wrestling Free.,10,10,10
1988,Men,Wrestling Gre-R,10,10,10
1988,Women,Archery,4,4,4
1988,Women,Artistic G.,12,11,11
1988,Women,Athletics,24,24,24
1988,Women,Basketball,12,12,12
1988,Women,Canoe / Kayak F,7,7,7
1988,Women,Cycling Road,1,1,1
1988,Women,Cycling Track,1,1,1
1988,Women,Diving,2,2,2
1988,Women,Dressage,4,4,2
1988,Women,Eventing,3,0,2
1988,Women,Fencing,6,6,6
1988,Women,Handball,15,12,15
1988,Women,Hockey,16,16,16
1988,Women,Jumping,0,0,2
1988,Women,Rhythmic G.,1,1,1
1988,Women,Rowing,23,23,23
1988,Women,Sailing,2,2,2
1988,Women,Shooting,4,4,4
1988,Women,Swimming,22,21,24
1988,Women,Synchronized S.,3,3,3
1988,Women,Table Tennis,3,3,3
1988,Women,Tennis,6,3,3
1988,Women,Volleyball,12,12,12
1992,Men,Archery,4,4,4
1992,Men,Artistic G.,14,14,14
1992,Men,Athletics,34,33,31
1992,Men,Badminton,6,3,3
1992,Men,Baseball,20,20,20
1992,Men,Basketball,12,12,12
1992,Men,Boxing,24,12,12
1992,Men,Canoe / Kayak F,16,16,16
1992,Men,Canoe / Kayak S,4,4,4
1992,Men,Cycling Road,5,5,5
1992,Men,Cycling Track,9,9,8
1992,Men,Diving,2,2,2
1992,Men,Dressage,3,1,0
1992,Men,Eventing,5,4,4
1992,Men,Fencing,18,18,18
1992,Men,Football,13,12,12
1992,Men,Handball,16,12,16
1992,Men,Hockey,16,16,16
1992,Men,Judo,14,7,7
1992,Men,Jumping,5,5,5
1992,Men,Modern Pentath.,4,4,4
1992,Men,Rowing,30,30,30
1992,Men,Sailing,13,13,13
1992,Men,Shooting,9,8,9
1992,Men,Swimming,30,33,30
1992,Men,Table Tennis,6,3,3
1992,Men,Tennis,6,3,3
1992,Men,Volleyball,12,12,12
1992,Men,Water polo,12,13,13
1992,Men,Weightlifting,9,10,10
1992,Men,Wrestling Free.,10,10,10
1992,Men,Wrestling Gre-R,10,10,10
1992,Women,Archery,4,4,4
1992,Women,Artistic G.,12,12,11
1992,Women,Athletics,25,28,27
1992,Women,Badminton,6,3,3
1992,Women,Basketball,12,12,12
1992,Women,Canoe / Kayak F,7,7,7
1992,Women,Canoe / Kayak S,1,1,1
1992,Women,Cycling Road,1,1,1
1992,Women,Cycling Track,2,2,2
1992,Women,Diving,2,2,2
1992,Women,Dressage,2,4,5
1992,Women,Eventing,0,1,1
1992,Women,Fencing,6,6,6
1992,Women,Handball,13,13,14
1992,Women,Hockey,16,16,16
1992,Women,Judo,14,7,7
1992,Women,Rhythmic G.,1,1,1
1992,Women,Rowing,22,22,22
1992,Women,Sailing,4,4,4
1992,Women,Shooting,4,5,4
1992,Women,Swimming,24,27,25
1992,Women,Synchronized S.,3,4,2
1992,Women,Table Tennis,6,3,3
1992,Women,Tennis,6,3,3
1992,Women,Volleyball,12,12,12
1996,Men,Archery,4,4,4
1996,Men,Artistic G.,15,14,15
1996,Men,Athletics,32,32,33
1996,Men,Badminton,4,4,4
1996,Men,Baseball,20,20,20
1996,Men,Basketball,12,12,12
1996,Men,Beach volley.,2,2,2
1996,Men,Boxing,24,12,12
1996,Men,Canoe / Kayak F,16,16,16
1996,Men,Canoe / Kayak S,4,4,4
1996,Men,Cycling Road,2,2,2
1996,Men,Cycling Track,9,8,8
1996,Men,Diving,2,2,2
1996,Men,Dressage,3,2,1
1996,Men,Eventing,3,3,2
1996,Men,Fencing,12,12,12
1996,Men,Football,18,18,18
1996,Men,Handball,16,16,16
1996,Men,Hockey,16,16,16
1996,Men,Judo,14,7,7
1996,Men,Jumping,4,5,3
1996,Men,Modern Pentath.,1,1,1
1996,Men,Mountain Bike,1,1,1
1996,Men,Rowing,28,28,28
1996,Men,Sailing,12,12,12
1996,Men,Shooting,10,10,10
1996,Men,Swimming,29,32,30
1996,Men,Table Tennis,3,3,3
1996,Men,Tennis,3,3,3
1996,Men,Volleyball,12,12,12
1996,Men,Water polo,13,13,13
1996,Men,Weightlifting,10,10,10
1996,Men,Wrestling Free.,10,10,10
1996,Men,Wrestling Gre-R,10,10,10
1996,Women,Archery,4,4,4
1996,Women,Artistic G.,11,12,13
1996,Women,Athletics,28,28,27
1996,Women,Badminton,4,4,4
1996,Women,Basketball,12,12,12
1996,Women,Beach volley.,2,2,2
1996,Women,Canoe / Kayak F,7,7,7
1996,Women,Canoe / Kayak S,1,1,1
1996,Women,Cycling Road,2,2,2
1996,Women,Cycling Track,3,3,3
1996,Women,Diving,2,2,2
1996,Women,Dressage,2,3,4
1996,Women,Eventing,2,2,3
1996,Women,Fencing,8,8,8
1996,Women,Football,18,16,16
1996,Women,Handball,16,16,16
1996,Women,Hockey,16,16,16
1996,Women,Judo,14,7,7
1996,Women,Jumping,1,0,2
1996,Women,Mountain Bike,1,1,1
1996,Women,Rhythmic G.,7,7,7
1996,Women,Rowing,20,20,20
1996,Women,Sailing,4,4,4
1996,Women,Shooting,5,5,5
1996,Women,Softball,15,15,15
1996,Women,Swimming,27,34,29
1996,Women,Synchronized S.,10,10,10
1996,Women,Table Tennis,3,3,3
1996,Women,Tennis,3,3,3
1996,Women,Volleyball,12,12,12
2000,Men,Archery,4,4,4
2000,Men,Artistic G.,13,13,13
2000,Men,Athletics,33,28,33
2000,Men,Badminton,4,4,4
2000,Men,Baseball,24,24,24
2000,Men,Basketball,12,12,12
2000,Men,Beach volley.,2,2,2
2000,Men,Boxing,24,12,12
2000,Men,Canoe / Kayak F,16,16,16
2000,Men,Canoe / Kayak S,4,4,4
2000,Men,Cycling Road,2,2,2
2000,Men,Cycling Track,16,15,14
2000,Men,Diving,6,6,6
2000,Men,Dressage,2,0,1
2000,Men,Eventing,2,5,3
2000,Men,Fencing,13,14,13
2000,Men,Football,18,18,18
2000,Men,Handball,15,15,15
2000,Men,Hockey,16,16,16
2000,Men,Judo,14,7,7
2000,Men,Jumping,5,5,4
2000,Men,Modern Pentath.,1,1,1
2000,Men,Mountain Bike,1,1,1
2000,Men,Rowing,28,28,28
2000,Men,Sailing,14,14,14
2000,Men,Shooting,10,10,10
2000,Men,Swimming,26,33,32
2000,Men,Table Tennis,3,3,3
2000,Men,Taekwondo,4,4,4
2000,Men,Tennis,3,3,3
2000,Men,Trampoline,1,1,1
2000,Men,Triathlon,1,1,1
2000,Men,Volleyball,12,12,12
2000,Men,Water polo,13,13,13
2000,Men,Weightlifting,8,8,8
2000,Men,Wrestling Free.,8,8,8
2000,Men,Wrestling Gre-R,8,8,8
2000,Women,Archery,4,4,4
2000,Women,Artistic G.,11,11,11
2000,Women,Athletics,30,28,32
2000,Women,Badminton,4,4,4
2000,Women,Basketball,12,12,12
2000,Women,Beach volley.,2,2,2
2000,Women,Canoe / Kayak F,7,7,7
2000,Women,Canoe / Kayak S,1,1,1
2000,Women,Cycling Road,2,2,2
2000,Women,Cycling Track,4,4,4
2000,Women,Diving,6,6,6
2000,Women,Dressage,3,5,4
2000,Women,Eventing,3,0,2
2000,Women,Fencing,8,9,9
2000,Women,Football,18,18,18
2000,Women,Handball,15,15,15
2000,Women,Hockey,16,16,16
2000,Women,Judo,14,7,7
2000,Women,Jumping,0,0,1
2000,Women,Modern Pentath.,1,1,1
2000,Women,Mountain Bike,1,1,1
2000,Women,Rhythmic G.,7,7,7
2000,Women,Rowing,20,20,20
2000,Women,Sailing,4,4,4
2000,Women,Shooting,7,7,7
2000,Women,Softball,15,15,15
2000,Women,Swimming,30,33,31
2000,Women,Synchronized S.,10,10,10
2000,Women,Table Tennis,3,3,3
2000,Women,Taekwondo,4,4,4
2000,Women,Tennis,3,3,3
2000,Women,Trampoline,1,1,1
2000,Women,Triathlon,1,1,1
2000,Women,Volleyball,12,12,12
2000,Women,Water polo,13,13,13
2000,Women,Weightlifting,7,7,7
2004,Men,Archery,4,4,4
2004,Men,Artistic G.,13,13,13
2004,Men,Athletics,30,31,32
2004,Men,Badminton,4,4,4
2004,Men,Baseball,24,23,24
2004,Men,Basketball,12,12,11
2004,Men,Beach volley.,2,2,2
2004,Men,Boxing,22,11,11
2004,Men,Canoe / Kayak F,16,16,16
2004,Men,Canoe / Kayak S,4,4,4
2004,Men,Cycling Road,2,2,2
2004,Men,Cycling Track,14,16,16
2004,Men,Diving,6,6,6
2004,Men,Dressage,2,2,3
2004,Men,Eventing,2,6,2
2004,Men,Fencing,14,13,14
2004,Men,Football,17,14,17
2004,Men,Handball,14,14,15
2004,Men,Hockey,16,16,16
2004,Men,Judo,14,7,7
2004,Men,Jumping,4,4,4
2004,Men,Modern Pentath.,1,1,1
2004,Men,Mountain Bike,1,1,1
2004,Men,Rowing,28,28,28
2004,Men,Sailing,11,11,11
2004,Men,Shooting,10,10,10
2004,Men,Swimming,30,31,30
2004,Men,Table Tennis,3,3,3
2004,Men,Taekwondo,4,4,4
2004,Men,Tennis,3,3,3
2004,Men,Trampoline,1,1,1
2004,Men,Triathlon,1,1,1
2004,Men,Volleyball,12,12,11
2004,Men,Water polo,13,13,13
2004,Men,Weightlifting,8,8,8
2004,Men,Wrestling Free.,7,7,7
2004,Men,Wrestling Gre-R,7,7,7
2004,Women,Archery,4,4,4
2004,Women,Artistic G.,11,11,11
2004,Women,Athletics,29,31,30
2004,Women,Badminton,4,4,4
2004,Women,Basketball,11,12,12
2004,Women,Beach volley.,2,2,2
2004,Women,Canoe / Kayak F,7,7,7
2004,Women,Canoe / Kayak S,1,1,1
2004,Women,Cycling Road,2,2,2
2004,Women,Cycling Track,4,4,4
2004,Women,Diving,6,6,6
2004,Women,Dressage,3,3,2
2004,Women,Eventing,4,0,4
2004,Women,Fencing,7,7,6
2004,Women,Football,17,16,17
2004,Women,Handball,15,15,15
2004,Women,Hockey,16,16,15
2004,Women,Judo,14,7,7
2004,Women,Jumping,0,1,1
2004,Women,Modern Pentath.,1,1,1
2004,Women,Mountain Bike,1,1,1
2004,Women,Rhythmic G.,7,7,7
2004,Women,Rowing,20,20,20
2004,Women,Sailing,7,7,7
2004,Women,Shooting,7,7,7
2004,Women,Softball,15,15,15
2004,Women,Swimming,29,32,33
2004,Women,Synchronized S.,11,11,11
2004,Women,Table Tennis,3,3,3
2004,Women,Taekwondo,4,4,4
2004,Women,Tennis,3,3,1
2004,Women,Trampoline,1,1,1
2004,Women,Triathlon,1,1,1
2004,Women,Volleyball,12,12,12
2004,Women,Water polo,13,13,13
2004,Women,Weightlifting,7,7,7
2004,Women,Wrestling Free.,4,4,4
2008,Men,Archery,4,4,4
2008,Men,Artistic G.,13,13,13
2008,Men,Athletics,30,30,30
2008,Men,BMX,1,1,1
2008,Men,Badminton,4,4,4
2008,Men,Baseball,24,24,24
2008,Men,Basketball,12,12,12
2008,Men,Beach volley.,2,2,2
2008,Men,Boxing,22,11,11
2008,Men,Canoe / Kayak F,16,16,16
2008,Men,Canoe / Kayak S,4,4,4
2008,Men,Cycling Road,2,2,1
2008,Men,Cycling Track,13,13,13
2008,Men,Diving,6,6,6
2008,Men,Dressage,1,0,1
2008,Men,Eventing,1,5,2
2008,Men,Fencing,11,9,11
2008,Men,Football,18,18,18
2008,Men,Handball,14,15,14
2008,Men,Hockey,17,17,16
2008,Men,Judo,14,7,7
2008,Men,Jumping,3,3,4
2008,Men,Modern Pentath.,1,1,1
2008,Men,Mountain Bike,1,1,1
2008,Men,Rowing,28,28,28
2008,Men,Sailing,11,11,11
2008,Men,Shooting,9,9,9
2008,Men,Swimming,32,36,33
2008,Men,Table Tennis,4,4,4
2008,Men,Taekwondo,8,4,4
2008,Men,Tennis,3,3,3
2008,Men,Trampoline,1,1,1
2008,Men,Triathlon,1,1,1
2008,Men,Volleyball,12,12,12
2008,Men,Water polo,13,13,13
2008,Men,Weightlifting,8,8,8
2008,Men,Wrestling Free.,14,7,7
2008,Men,Wrestling Gre-R,13,7,7
2008,Women,Archery,4,4,4
2008,Women,Artistic G.,11,11,11
2008,Women,Athletics,28,29,30
2008,Women,BMX,1,1,1
2008,Women,Badminton,4,4,4
2008,Women,Basketball,12,12,12
2008,Women,Beach volley.,2,2,2
2008,Women,Canoe / Kayak F,7,7,7
2008,Women,Canoe / Kayak S,1,1,1
2008,Women,Cycling Road,2,2,2
2008,Women,Cycling Track,3,3,3
2008,Women,Diving,6,6,6
2008,Women,Dressage,3,4,3
2008,Women,Eventing,5,1,4
2008,Women,Fencing,10,11,10
2008,Women,Football,18,18,18
2008,Women,Handball,14,14,14
2008,Women,Hockey,16,16,16
2008,Women,Judo,14,7,7
2008,Women,Jumping,2,2,1
2008,Women,Modern Pentath.,1,1,1
2008,Women,Mountain Bike,1,1,1
2008,Women,Rhythmic G.,7,7,7
2008,Women,Rowing,20,20,20
2008,Women,Sailing,7,7,7
2008,Women,Shooting,6,6,6
2008,Women,Softball,15,15,15
2008,Women,Swimming,31,35,33
2008,Women,Synchronized S.,11,11,11
2008,Women,Table Tennis,4,4,4
2008,Women,Taekwondo,8,4,4
2008,Women,Tennis,3,3,3
2008,Women,Trampoline,1,1,1
2008,Women,Triathlon,1,1,1
2008,Women,Volleyball,12,12,12
2008,Women,Water polo,13,13,13
2008,Women,Weightlifting,7,7,7
2008,Women,Wrestling Free.,8,4,4
